RoB Criterion,Eligibility criteria,"Comparability of exposure and comparison groups
","Non-response rate
","Recruitment time frame
","Accuracy, validity and reliability of exposure measurements
","Misclassification of exposure
","Accuracy, validity and reliability of outcome measurements
","Misclassification of outcome
","Accounting for confounding
","Accuracy, validity and reliability of confounding variables meas.
","Adequacy of length of follow-up
","Amount and handling of loss to follow-up
","Appropriate data analysis methods
","Handling of missing values
","Selective reporting of outcomes
",Assesors judgement of overall bias
Bauer 2020,+,+/-,-,+,?,+,+,+,+/-,+,n.a.,n.a.,+,+,-,low
Crump 2013,+,+,+/-,-,+/-,-,+,+,-,-,+,+,-,-,+,high
Dantzer 2020,-,+,-,+,+,+,+,+,+,+,+,+,+,+/-,+,low
Desrochers-Couture 2018,+,+,-,+,?,+,+,+,+,+,+/-,+,+,+,+,low
Earl 2016,+,+/-,-,+/-,-,+,+,+,-,+/-,+,?,+/-,-,+/-,high
Hong 2015,+,+,+/-,+,+,+/-,+,+,+/-,+,n.a.,n.a.,+,+,+,low
Lee 2021,+,+,+/-,+,+,+,+,+,+,+,+,+/-,+,+/-,+,low
Lucchini 2019,+,+,-,-,+,+,+,+,+,+,n.a.,n.a.,+,+/-,+,moderate
Lucchini 2012,+,+,+/-,-,+,+,+,+,+/-,+/-,n.a.,n.a.,+,-,+,moderate
Menezes-Filho 2018,+,+,-,+,+,+,+,+,+/-,+,n.a.,n.a.,+,+/-,+,low
Roy 2013,+,+,-,+,+,+,+,+,+/-,+,n.a.,n.a.,+,+,+,low
Schnaas 2006,+,+,+/-,+,+,+/-,+,+,+,+,n.a.,n.a.,+,+,+,low